{"cameraMode":{"drawMode":0,"name":"Shaded","section":"Shading Mode"},"sceneLighting":true,"audioPlay":false,"sceneViewState":{"showFog":true,"showMaterialUpdate":false,"showSkybox":true,"showFlares":false,"showImageEffects":true,"showParticleSystems":false},"in2DMode":false,"pivot":{"x":18.183629989624025,"y":21.698745727539064,"z":-36.206748962402347},"rotation":{"x":-0.1258065104484558,"y":0.05116351321339607,"z":-0.006496989633888006,"w":-0.9907132983207703},"size":1.6176130771636963,"orthographic":false}